name,phone,email,list,url,text
Orson Stephenson,(584) 582-9577,urna.ut.tincidunt@google.com,Nissan,https://nytimes.com,quam quis diam. Pellentesque habitant morbi tristique senectus et netus et malesuada fames ac turpis egestas. Fusce aliquet magna a neque. Nullam ut nisi a odio semper cursus. Integer mollis. Integer tincidunt aliquam arcu. Aliquam ultrices iaculis odio.
Carol Brewer,1-657-613-6288,pede.cras@icloud.couk,Mazda,https://bbc.co.uk,"ligula. Nullam enim. Sed nulla ante, iaculis nec, eleifend non, dapibus rutrum, justo. Praesent luctus. Curabitur egestas nunc sed libero. Proin sed turpis nec mauris blandit mattis. Cras eget"
Colin Heath,(723) 838-5131,ornare.in.faucibus@protonmail.edu,Kia Motors,http://nytimes.com,"non, luctus sit amet, faucibus ut, nulla. Cras eu tellus eu augue porttitor interdum."
Kimberley Morse,1-261-717-7283,felis.purus.ac@outlook.ca,Acura,http://netflix.com,"dapibus id, blandit at, nisi. Cum sociis natoque penatibus et magnis dis parturient montes, nascetur ridiculus mus. Proin vel nisl. Quisque fringilla euismod enim. Etiam gravida molestie arcu. Sed eu nibh vulputate"
Patrick Stanton,(576) 638-8460,faucibus@google.edu,Porsche,https://netflix.com,risus. Duis a mi fringilla mi lacinia mattis. Integer
Malcolm Frye,(359) 221-2510,fringilla@protonmail.couk,Lincoln,https://baidu.com,"in felis. Nulla tempor augue ac ipsum. Phasellus vitae mauris sit amet lorem semper auctor. Mauris vel turpis. Aliquam adipiscing lobortis risus. In mi pede, nonummy ut, molestie in, tempus eu, ligula. Aenean euismod mauris eu"
Iola Stevenson,1-432-525-7278,pellentesque@yahoo.edu,Ford,http://facebook.com,"nunc, ullamcorper eu, euismod"
Fleur Adams,1-870-956-3622,pede.suspendisse@icloud.ca,Citroën,http://nytimes.com,"ipsum dolor sit amet, consectetuer adipiscing elit. Etiam laoreet, libero"
Lilah Santana,1-576-254-9712,massa.vestibulum.accumsan@protonmail.org,Hyundai Motors,https://ebay.com,"Aliquam fringilla cursus purus. Nullam scelerisque neque sed sem egestas blandit. Nam nulla magna, malesuada vel, convallis in, cursus et, eros. Proin ultrices. Duis volutpat nunc sit amet metus. Aliquam erat volutpat. Nulla facilisis. Suspendisse commodo tincidunt"
Hayden Knowles,(174) 405-6346,non.dapibus.rutrum@icloud.com,Volvo,https://ebay.com,"posuere at, velit. Cras lorem lorem, luctus ut, pellentesque eget, dictum placerat,"
Charles Morton,(375) 385-7948,curae.donec.tincidunt@hotmail.ca,Tata Motors,http://yahoo.com,tristique senectus et netus
Reece Gray,1-213-666-6814,vitae.erat@outlook.couk,Maruti Suzuki,https://youtube.com,"imperdiet non, vestibulum nec, euismod in, dolor. Fusce feugiat. Lorem ipsum dolor sit amet,"
Brett Mercer,(447) 332-2603,nulla.in@hotmail.net,Mitsubishi Motors,http://yahoo.com,"ultrices. Vivamus rhoncus. Donec est. Nunc ullamcorper, velit in aliquet lobortis, nisi nibh lacinia orci, consectetuer euismod est arcu ac orci. Ut semper pretium neque. Morbi quis urna. Nunc"
Duncan Juarez,(121) 139-4716,aliquam@icloud.net,Hyundai Motors,http://ebay.com,dapibus ligula. Aliquam erat volutpat. Nulla dignissim. Maecenas ornare egestas ligula.
Hayden Kirk,(163) 107-1615,nunc.sit@protonmail.com,Mitsubishi Motors,http://google.com,"nibh enim, gravida sit amet, dapibus"
Jerry Rosales,1-283-989-6372,fringilla.ornare@outlook.net,RAM Trucks,http://nytimes.com,inceptos hymenaeos. Mauris ut quam vel sapien imperdiet ornare. In faucibus. Morbi vehicula. Pellentesque tincidunt tempus risus. Donec egestas. Duis ac arcu. Nunc mauris. Morbi non sapien molestie orci tincidunt adipiscing. Mauris
Harding Cardenas,1-687-442-9452,tellus.imperdiet.non@protonmail.com,Daihatsu,https://naver.com,Morbi sit amet massa. Quisque porttitor eros
Echo Woodard,1-557-297-5743,donec.non@outlook.net,Dongfeng Motor,http://walmart.com,"enim. Etiam gravida molestie arcu. Sed eu nibh vulputate mauris sagittis placerat. Cras dictum ultricies ligula. Nullam enim. Sed nulla ante, iaculis nec, eleifend non, dapibus rutrum, justo. Praesent luctus. Curabitur egestas nunc sed"
Kameko Jimenez,(428) 522-4695,nibh.sit.amet@google.org,Citroën,https://naver.com,ac arcu. Nunc mauris. Morbi
Joshua Weber,(834) 628-5272,sem.egestas@protonmail.edu,Tata Motors,https://yahoo.com,"dictum eu, eleifend nec, malesuada ut, sem. Nulla interdum. Curabitur dictum. Phasellus in felis. Nulla tempor augue ac ipsum. Phasellus vitae mauris sit amet lorem semper auctor. Mauris vel turpis. Aliquam adipiscing lobortis risus. In mi pede, nonummy ut, molestie"
Guy Levine,(319) 630-1578,dapibus.rutrum@icloud.com,Lincoln,http://reddit.com,"vestibulum lorem, sit amet ultricies sem magna nec quam. Curabitur vel lectus. Cum sociis natoque penatibus et magnis dis parturient montes, nascetur ridiculus mus. Donec dignissim magna a tortor. Nunc commodo auctor"
Arden Strong,1-541-210-8376,donec@google.org,Chevrolet,http://instagram.com,odio. Nam interdum enim non nisi. Aenean eget metus. In nec orci. Donec nibh. Quisque nonummy ipsum non arcu. Vivamus sit amet risus. Donec egestas. Aliquam nec
Hayden Miles,(125) 512-3348,semper.dui@protonmail.edu,Lincoln,http://baidu.com,"dolor. Fusce feugiat. Lorem ipsum dolor sit amet, consectetuer adipiscing elit. Aliquam auctor, velit eget laoreet posuere, enim nisl elementum purus, accumsan interdum libero dui nec"
Emery Estes,(945) 848-1249,nunc.pulvinar@protonmail.com,Volvo,https://bbc.co.uk,"sit amet orci. Ut sagittis lobortis mauris. Suspendisse aliquet molestie tellus. Aenean egestas hendrerit neque. In ornare sagittis felis. Donec tempor, est ac mattis semper, dui lectus rutrum urna, nec luctus felis purus"
MacKenzie Silva,1-321-448-7352,aliquet.proin.velit@protonmail.couk,Chevrolet,https://cnn.com,"sit amet luctus vulputate, nisi sem semper erat, in consectetuer ipsum nunc id enim. Curabitur massa. Vestibulum accumsan neque et nunc. Quisque ornare tortor at risus. Nunc ac sem"
Ariel Kent,(708) 470-1633,vulputate.velit@google.net,Peugeot,https://baidu.com,"euismod enim. Etiam gravida molestie arcu. Sed eu nibh vulputate mauris sagittis placerat. Cras dictum ultricies ligula. Nullam enim. Sed nulla ante, iaculis nec, eleifend non, dapibus"
Morgan Blanchard,(245) 350-1470,rutrum.urna@outlook.net,Smart,https://naver.com,"Pellentesque ultricies dignissim lacus. Aliquam rutrum lorem ac risus. Morbi metus. Vivamus euismod urna. Nullam lobortis quam a felis ullamcorper viverra. Maecenas iaculis aliquet diam. Sed diam lorem, auctor quis, tristique"
Aiko Sanders,1-749-484-3331,suspendisse.commodo@icloud.couk,Dacia,https://netflix.com,et ultrices posuere cubilia Curae Donec tincidunt. Donec vitae erat vel pede blandit congue. In scelerisque scelerisque
Aquila Tate,(126) 438-8387,tellus.justo@icloud.ca,Buick,http://cnn.com,nisl. Quisque
Brenda Mcmahon,(428) 284-9713,magnis.dis@icloud.com,Skoda,http://guardian.co.uk,"eu, euismod ac, fermentum vel, mauris. Integer sem elit, pharetra ut, pharetra sed, hendrerit a, arcu. Sed et libero. Proin mi. Aliquam gravida mauris ut mi."
Emerson Stevens,(724) 627-6602,tempus@icloud.org,Seat,https://pinterest.com,"iaculis aliquet diam. Sed diam lorem, auctor quis, tristique ac, eleifend vitae, erat. Vivamus nisi. Mauris"
Hakeem Lamb,1-831-902-2685,pharetra@protonmail.org,Mitsubishi Motors,http://pinterest.com,"vehicula. Pellentesque tincidunt tempus risus. Donec egestas. Duis ac arcu. Nunc mauris. Morbi non sapien molestie orci tincidunt adipiscing. Mauris molestie pharetra nibh. Aliquam ornare, libero at auctor ullamcorper, nisl arcu iaculis"
Yael Walsh,1-511-362-0515,molestie.in.tempus@icloud.couk,General Motors,https://walmart.com,"scelerisque, lorem ipsum sodales purus, in molestie tortor nibh"
Jelani Rivera,1-698-374-6574,et@aol.com,Chevrolet,https://nytimes.com,Vivamus molestie dapibus ligula. Aliquam erat volutpat. Nulla dignissim. Maecenas ornare egestas ligula. Nullam feugiat placerat velit. Quisque varius. Nam porttitor scelerisque neque. Nullam nisl. Maecenas malesuada fringilla est. Mauris eu turpis. Nulla aliquet. Proin
Callum Norton,1-248-242-5151,lacinia.at@aol.net,Audi,https://wikipedia.org,"amet risus. Donec egestas. Aliquam nec enim. Nunc ut erat. Sed nunc est, mollis non, cursus non, egestas a, dui. Cras pellentesque. Sed dictum. Proin"
Tatyana Soto,1-568-493-8462,nisl.maecenas@hotmail.net,Isuzu,http://ebay.com,"luctus vulputate, nisi sem semper erat, in consectetuer ipsum nunc id enim. Curabitur massa. Vestibulum accumsan neque et nunc. Quisque ornare tortor at risus. Nunc ac sem ut dolor dapibus gravida. Aliquam"
Stephen Booker,1-214-665-7298,metus.aenean.sed@protonmail.com,General Motors,https://yahoo.com,"placerat, orci lacus vestibulum lorem, sit amet ultricies sem magna nec quam. Curabitur vel lectus. Cum sociis natoque penatibus et magnis dis parturient montes, nascetur ridiculus mus. Donec dignissim magna a tortor. Nunc commodo auctor velit. Aliquam nisl."
Inez Sweet,(642) 622-8213,purus.mauris@yahoo.com,Subaru,http://naver.com,blandit mattis. Cras eget nisi dictum augue malesuada malesuada. Integer id magna et ipsum cursus vestibulum. Mauris magna. Duis dignissim tempor arcu. Vestibulum ut eros non enim commodo hendrerit. Donec porttitor tellus non magna.
Harper Payne,(304) 823-2275,cursus.luctus.ipsum@outlook.ca,Mazda,https://instagram.com,quam dignissim pharetra. Nam ac nulla. In tincidunt congue turpis. In condimentum. Donec at arcu. Vestibulum ante ipsum primis
Kermit Snider,1-137-674-5677,ornare.placerat.orci@icloud.org,Isuzu,http://zoom.us,"nisl arcu iaculis enim, sit amet ornare lectus justo"
Xenos Sanford,(350) 773-6374,sapien.molestie.orci@aol.ca,RAM Trucks,http://nytimes.com,eros turpis non enim. Mauris quis turpis vitae purus gravida sagittis. Duis gravida. Praesent eu nulla at sem molestie
Dean Fuller,(147) 782-4873,proin.vel@aol.couk,Acura,http://walmart.com,urna. Nunc quis arcu vel quam dignissim pharetra. Nam ac nulla. In tincidunt congue turpis. In condimentum. Donec at arcu. Vestibulum ante ipsum
Reese Morin,(762) 872-1423,vel.est@google.net,Volkswagen,https://yahoo.com,"dolor sit amet, consectetuer adipiscing elit. Curabitur sed tortor. Integer aliquam adipiscing lacus. Ut nec urna et arcu imperdiet ullamcorper. Duis at lacus. Quisque purus sapien, gravida non, sollicitudin a, malesuada id, erat. Etiam vestibulum"
Travis Hyde,1-273-884-5559,neque.non@protonmail.ca,BMW,http://instagram.com,"est mauris, rhoncus id, mollis nec, cursus a, enim. Suspendisse aliquet, sem ut cursus luctus, ipsum leo elementum sem, vitae aliquam eros turpis non enim. Mauris"
Kaye Black,(155) 589-6601,tellus.suspendisse@icloud.couk,Audi,http://baidu.com,"id, ante. Nunc mauris sapien, cursus in, hendrerit consectetuer, cursus et, magna. Praesent interdum ligula eu enim. Etiam imperdiet dictum magna. Ut tincidunt orci quis lectus. Nullam suscipit, est"
Isaiah Parrish,1-632-514-8582,ipsum.phasellus@protonmail.couk,Volkswagen,http://nytimes.com,"Aliquam adipiscing lobortis risus. In mi pede, nonummy ut, molestie in, tempus"
Tanek Whitney,1-582-297-6592,tellus.lorem@aol.ca,Suzuki,https://reddit.com,"sem. Nulla interdum. Curabitur dictum. Phasellus in felis. Nulla tempor augue ac ipsum. Phasellus vitae mauris sit amet lorem semper auctor. Mauris vel turpis. Aliquam adipiscing lobortis risus. In mi pede, nonummy ut, molestie in,"
Daria Patrick,1-552-476-6263,vivamus.nibh@outlook.edu,Mazda,http://yahoo.com,turpis egestas. Fusce
Adena William,1-624-287-9752,lectus.rutrum@icloud.couk,Fiat,http://nytimes.com,"cursus et, eros. Proin ultrices. Duis volutpat nunc sit amet metus. Aliquam erat volutpat. Nulla facilisis. Suspendisse commodo tincidunt nibh. Phasellus nulla. Integer vulputate, risus a ultricies adipiscing, enim"
Emerson Wheeler,1-877-371-2822,dictum.placerat@protonmail.edu,Mahindra and Mahindra,http://yahoo.com,"parturient montes, nascetur ridiculus mus. Aenean eget magna. Suspendisse tristique neque venenatis lacus. Etiam bibendum fermentum metus. Aenean sed pede nec ante"
Scott Schneider,(462) 951-8594,proin.nisl@google.org,Isuzu,http://walmart.com,"eu, ligula. Aenean euismod mauris eu elit. Nulla facilisi. Sed neque. Sed eget lacus. Mauris non dui nec urna suscipit nonummy. Fusce"
Finn Snyder,1-237-271-7664,vivamus.euismod.urna@google.edu,JLR,http://zoom.us,"ut cursus luctus, ipsum leo elementum sem, vitae aliquam"
Rhona Travis,(952) 674-6127,vestibulum.accumsan@aol.com,Chrysler,https://google.com,magna. Praesent
Vielka Noel,(397) 163-4337,velit.justo@icloud.com,Daimler,http://guardian.co.uk,"eu, ultrices sit amet, risus. Donec nibh enim, gravida sit amet, dapibus id, blandit at, nisi. Cum sociis natoque penatibus"
Burton Good,(332) 874-9766,aliquam.auctor@outlook.edu,Lincoln,http://yahoo.com,"Nunc lectus pede, ultrices a, auctor non,"
Lana Wilcox,1-274-554-2544,non@protonmail.couk,Lexus,http://guardian.co.uk,"non sapien molestie orci tincidunt adipiscing. Mauris molestie pharetra nibh. Aliquam ornare, libero at auctor ullamcorper, nisl arcu iaculis enim, sit amet ornare lectus"
Quon White,(222) 415-5742,sem.consequat.nec@google.edu,Daihatsu,https://cnn.com,"eu odio tristique pharetra. Quisque ac libero nec ligula consectetuer rhoncus. Nullam velit dui, semper et, lacinia vitae, sodales at, velit. Pellentesque ultricies dignissim lacus. Aliquam rutrum lorem ac risus. Morbi metus. Vivamus euismod urna. Nullam lobortis"
Guinevere Cervantes,(707) 347-5215,donec.tempor@icloud.edu,Lincoln,https://yahoo.com,"Cras eu tellus eu augue porttitor interdum. Sed auctor odio a purus. Duis elementum, dui quis accumsan convallis, ante lectus convallis est, vitae sodales nisi magna sed dui. Fusce"
Seth Mitchell,(463) 461-4375,ipsum.sodales@outlook.org,Mazda,http://google.com,"mauris. Suspendisse aliquet molestie tellus. Aenean egestas hendrerit neque. In ornare sagittis felis. Donec tempor, est ac mattis semper, dui lectus rutrum urna, nec luctus felis purus ac tellus. Suspendisse sed dolor. Fusce mi lorem, vehicula et, rutrum"
Shoshana Terrell,1-534-445-2731,sed.orci.lobortis@google.couk,Dodge,http://ebay.com,"montes, nascetur ridiculus mus. Donec dignissim magna a tortor. Nunc commodo auctor velit. Aliquam nisl. Nulla eu neque pellentesque massa lobortis ultrices. Vivamus rhoncus. Donec est. Nunc ullamcorper, velit in"
Jaquelyn Roth,1-212-934-6872,sed@protonmail.org,Ford,https://instagram.com,erat. Vivamus nisi. Mauris nulla. Integer urna. Vivamus
Joshua Duke,1-354-478-4821,congue.elit.sed@outlook.couk,Daimler,https://bbc.co.uk,Lorem ipsum dolor sit
Demetria Mccarty,1-183-486-8178,diam.duis@yahoo.net,Maruti Suzuki,https://facebook.com,inceptos hymenaeos. Mauris ut quam vel sapien imperdiet ornare. In faucibus. Morbi vehicula. Pellentesque
Sigourney Sandoval,1-572-186-9643,consectetuer.ipsum@icloud.couk,Isuzu,http://guardian.co.uk,"Donec non justo. Proin non massa non ante bibendum ullamcorper. Duis cursus, diam at pretium aliquet, metus"
Shelley Dillon,(424) 652-8938,condimentum.donec@protonmail.ca,Dodge,https://twitter.com,"non, lobortis quis, pede. Suspendisse dui. Fusce diam nunc, ullamcorper eu, euismod ac, fermentum vel, mauris. Integer sem elit, pharetra ut, pharetra sed, hendrerit a, arcu. Sed et libero. Proin mi. Aliquam gravida mauris"
Renee Puckett,1-413-545-4719,torquent.per.conubia@outlook.net,Skoda,http://wikipedia.org,"est, vitae"
Dexter Calderon,1-212-288-5558,vitae.posuere.at@hotmail.couk,Mitsubishi Motors,https://bbc.co.uk,"iaculis aliquet diam. Sed diam lorem, auctor quis, tristique ac, eleifend vitae, erat. Vivamus nisi. Mauris nulla. Integer urna. Vivamus molestie dapibus ligula. Aliquam erat"
Jennifer Gregory,1-574-337-5877,scelerisque.neque@icloud.org,Fiat,http://bbc.co.uk,nascetur ridiculus mus. Aenean eget magna. Suspendisse tristique neque
Freya Barr,(512) 747-3138,etiam.gravida.molestie@google.com,Honda,https://reddit.com,at arcu. Vestibulum ante ipsum primis in faucibus orci luctus et ultrices posuere cubilia Curae Donec tincidunt. Donec vitae erat vel pede blandit congue. In
Elmo Finch,1-211-983-3550,consectetuer@protonmail.com,Smart,https://reddit.com,"ultrices, mauris"
Daryl Becker,1-367-652-5616,velit@hotmail.edu,JLR,http://cnn.com,orci. Ut semper pretium neque. Morbi quis urna. Nunc quis arcu vel quam dignissim pharetra. Nam ac nulla. In tincidunt congue turpis. In condimentum. Donec at arcu. Vestibulum ante ipsum primis in
Lavinia Wilkinson,(166) 243-7167,auctor.quis@outlook.ca,Chrysler,https://google.com,"eu, odio. Phasellus at augue id ante dictum cursus. Nunc mauris elit, dictum eu, eleifend nec, malesuada ut, sem. Nulla interdum. Curabitur dictum. Phasellus in felis. Nulla tempor augue ac ipsum. Phasellus vitae mauris sit amet lorem semper auctor. Mauris"
Burton Rich,1-433-297-0862,scelerisque.neque.sed@outlook.ca,Maruti Suzuki,http://guardian.co.uk,"rutrum urna, nec luctus felis purus ac tellus. Suspendisse sed dolor. Fusce mi lorem, vehicula et, rutrum eu, ultrices sit amet, risus. Donec nibh enim, gravida sit amet, dapibus id, blandit at,"
Asher George,1-438-174-4218,amet@google.edu,Honda,https://pinterest.com,"lectus ante dictum mi, ac mattis velit justo nec ante. Maecenas mi felis, adipiscing fringilla, porttitor vulputate, posuere vulputate, lacus. Cras interdum. Nunc sollicitudin commodo ipsum. Suspendisse non leo. Vivamus nibh"
Louis Lowery,(325) 469-1547,magna.cras@icloud.couk,Peugeot,http://youtube.com,"magna, malesuada vel, convallis in, cursus et, eros. Proin ultrices. Duis volutpat nunc sit amet metus."
Victoria Chaney,1-915-232-1441,lorem.auctor@outlook.net,Dodge,http://facebook.com,"congue, elit sed consequat auctor, nunc nulla vulputate dui, nec tempus mauris erat eget ipsum. Suspendisse sagittis. Nullam vitae diam. Proin dolor. Nulla semper tellus id nunc interdum feugiat. Sed nec metus facilisis lorem tristique"
Jelani Mcconnell,(220) 605-9466,natoque.penatibus@protonmail.ca,Infiniti,http://whatsapp.com,"non, hendrerit id, ante. Nunc mauris sapien, cursus in, hendrerit consectetuer, cursus et, magna. Praesent interdum ligula eu enim. Etiam imperdiet dictum magna. Ut tincidunt orci quis lectus. Nullam suscipit, est ac"
Kimberley Mcbride,1-795-872-3211,eget.mollis.lectus@google.couk,Ford,https://zoom.us,"Donec porttitor tellus non magna. Nam ligula elit, pretium et, rutrum non, hendrerit id, ante. Nunc mauris sapien, cursus in, hendrerit consectetuer, cursus et, magna."
Steven Reid,(286) 274-8838,lectus.pede@aol.com,Skoda,https://facebook.com,"orci quis lectus. Nullam suscipit,"
Willa Stevenson,1-481-196-1612,at.auctor@google.edu,RAM Trucks,http://bbc.co.uk,"sodales purus, in molestie tortor nibh sit amet orci. Ut sagittis lobortis mauris. Suspendisse aliquet molestie"
Macy Bass,(304) 154-0661,sit.amet@icloud.ca,Mahindra and Mahindra,http://pinterest.com,"in aliquet lobortis, nisi nibh lacinia orci, consectetuer euismod"
Abdul Howard,1-410-973-4209,at.sem@hotmail.com,Buick,https://naver.com,"mattis ornare, lectus ante dictum mi, ac mattis velit justo nec ante. Maecenas mi felis, adipiscing fringilla,"
Channing Diaz,1-548-663-8388,lacus@protonmail.net,Volvo,http://guardian.co.uk,Proin eget odio. Aliquam vulputate ullamcorper magna. Sed eu eros. Nam consequat dolor vitae dolor. Donec fringilla. Donec feugiat metus sit amet ante. Vivamus non lorem vitae
Leo Fowler,(511) 428-2341,enim.nec.tempus@outlook.ca,Dongfeng Motor,https://nytimes.com,"mauris sapien, cursus in, hendrerit consectetuer, cursus et, magna. Praesent interdum ligula eu enim. Etiam imperdiet dictum magna. Ut tincidunt orci quis lectus. Nullam suscipit, est ac facilisis facilisis, magna tellus faucibus leo, in lobortis"
Nayda Farrell,(322) 688-4680,morbi.metus@aol.edu,Citroën,http://naver.com,"eu erat semper rutrum. Fusce dolor quam, elementum at, egestas a, scelerisque sed, sapien. Nunc pulvinar arcu et pede."
Jakeem Kirby,1-875-523-7748,magna.et@aol.net,Seat,http://reddit.com,semper cursus. Integer mollis. Integer tincidunt aliquam arcu. Aliquam ultrices iaculis odio. Nam interdum enim non nisi. Aenean eget metus. In nec orci. Donec nibh. Quisque nonummy ipsum non arcu. Vivamus
Stephanie Rojas,(873) 111-5580,et.tristique.pellentesque@protonmail.net,Kia Motors,https://nytimes.com,tempor augue ac ipsum. Phasellus vitae mauris sit amet lorem semper auctor. Mauris vel turpis. Aliquam adipiscing lobortis risus. In mi
Alvin Melendez,1-837-236-6683,quam.a@icloud.org,Hyundai Motors,http://pinterest.com,"libero at auctor ullamcorper, nisl arcu iaculis enim, sit amet ornare lectus justo"
Chastity Barnett,1-668-685-2415,eu.enim@google.org,Peugeot,https://pinterest.com,"nunc ac mattis ornare, lectus ante dictum mi, ac mattis velit justo nec"
Adena Buckner,1-245-260-9464,egestas.a.dui@yahoo.couk,FAW,http://guardian.co.uk,"feugiat nec, diam. Duis mi enim, condimentum eget, volutpat ornare, facilisis eget, ipsum. Donec sollicitudin adipiscing ligula. Aenean gravida nunc sed pede. Cum sociis natoque penatibus et magnis dis parturient"
Uta Gould,(631) 278-3234,condimentum.eget@hotmail.edu,Kenworth,http://yahoo.com,"Phasellus fermentum convallis ligula. Donec luctus aliquet odio. Etiam ligula tortor, dictum eu, placerat"
Ann Frost,(678) 402-0489,a@aol.net,Isuzu,https://baidu.com,"id, blandit at, nisi. Cum sociis natoque penatibus et magnis dis parturient montes, nascetur ridiculus mus. Proin vel"
Orli Sampson,(316) 864-2008,vulputate.posuere.vulputate@aol.ca,General Motors,https://cnn.com,"ad litora torquent per conubia nostra, per inceptos hymenaeos. Mauris ut quam vel sapien imperdiet ornare."
Norman Avila,(442) 532-3723,aliquam@hotmail.com,Ferrari,http://ebay.com,adipiscing elit. Curabitur sed tortor. Integer aliquam adipiscing lacus. Ut nec urna et arcu imperdiet ullamcorper. Duis at lacus.
Ferdinand Monroe,(861) 483-9311,sed.tortor.integer@icloud.net,Toyota,https://cnn.com,"In lorem. Donec elementum, lorem ut aliquam iaculis, lacus pede sagittis augue, eu tempor erat"
Ruth Blackburn,1-833-848-5648,ipsum@hotmail.couk,Volkswagen,https://guardian.co.uk,"Nullam suscipit, est ac facilisis facilisis, magna"
Sacha Cortez,1-802-315-2463,dui@google.com,Renault,https://zoom.us,"Fusce aliquam, enim nec tempus"
Ria Molina,1-986-314-4172,mattis@protonmail.net,Jeep,http://cnn.com,"Ut tincidunt vehicula risus. Nulla eget metus eu erat semper rutrum. Fusce dolor quam, elementum at, egestas a, scelerisque sed,"
Gray Lester,1-613-538-3114,cursus@google.couk,Daihatsu,https://naver.com,"elit. Etiam laoreet, libero et tristique pellentesque, tellus sem mollis dui, in sodales elit erat vitae risus. Duis a mi fringilla mi lacinia mattis. Integer eu lacus. Quisque imperdiet, erat nonummy ultricies ornare, elit elit fermentum risus, at fringilla"
Ivor Shepherd,(260) 151-6686,aliquet.molestie@outlook.edu,Hyundai Motors,https://netflix.com,"ullamcorper. Duis at lacus. Quisque purus sapien, gravida"
